donor_id	feature	value
H20.33.026	n_edges__A9__snrna	0.0
H21.33.038	n_edges__A9__snrna	0.0
H20.33.026	n_edges__CN__spatial	35680.0
H21.33.038	n_edges__CN__spatial	23660.0
H20.33.026	n_edges__MTG__snrna	0.0
H21.33.038	n_edges__MTG__snrna	0.0
H20.33.026	n_features__A9__snrna	0.0
H21.33.038	n_features__A9__snrna	0.0
H20.33.026	n_features__CN__spatial	36.0
H21.33.038	n_features__CN__spatial	36.0
H20.33.026	n_features__MTG__snrna	0.0
H21.33.038	n_features__MTG__snrna	0.0
H20.33.026	n_nodes__A9__snrna	0.0
H21.33.038	n_nodes__A9__snrna	0.0
H20.33.026	n_nodes__CN__spatial	1784.0
H21.33.038	n_nodes__CN__spatial	1183.0
H20.33.026	n_nodes__MTG__snrna	0.0
H21.33.038	n_nodes__MTG__snrna	0.0
H20.33.026	celltype_fraction__A9__Neuronal: GABAergic	0.0
H21.33.038	celltype_fraction__A9__Neuronal: GABAergic	0.0
H20.33.026	celltype_fraction__A9__Neuronal: Glutamatergic	0.0
H21.33.038	celltype_fraction__A9__Neuronal: Glutamatergic	0.0
H20.33.026	celltype_fraction__A9__Non-neuronal and Non-neural	0.0
H21.33.038	celltype_fraction__A9__Non-neuronal and Non-neural	0.0
H20.33.026	celltype_fraction__MTG__Neuronal: GABAergic	0.29607250755287007
H21.33.038	celltype_fraction__MTG__Neuronal: GABAergic	0.283454647256439
H20.33.026	celltype_fraction__MTG__Neuronal: Glutamatergic	0.49924471299093653
H21.33.038	celltype_fraction__MTG__Neuronal: Glutamatergic	0.4941209406494961
H20.33.026	celltype_fraction__MTG__Non-neuronal and Non-neural	0.20468277945619334
H21.33.038	celltype_fraction__MTG__Non-neuronal and Non-neural	0.22242441209406494
H20.33.026	mapped_confidence_mean__CN	0.0
H21.33.038	mapped_confidence_mean__CN	0.0
H20.33.008	pca_hvg_1__A9	0.0
H20.33.026	pca_hvg_1__A9	0.0
H20.33.028	pca_hvg_1__A9	3.07573060354116e-08
H20.33.033	pca_hvg_1__A9	0.0
H20.33.035	pca_hvg_1__A9	0.0
H20.33.036	pca_hvg_1__A9	-5.411681627265352e-07
H20.33.037	pca_hvg_1__A9	0.0
H20.33.038	pca_hvg_1__A9	7.183491561590927e-07
H20.33.045	pca_hvg_1__A9	0.0
H200.1023	pca_hvg_1__A9	0.0
H21.33.009	pca_hvg_1__A9	0.0
H21.33.017	pca_hvg_1__A9	0.0
H21.33.020	pca_hvg_1__A9	3.4097286061296472e-06
H21.33.026	pca_hvg_1__A9	0.0
H21.33.029	pca_hvg_1__A9	0.0
H21.33.033	pca_hvg_1__A9	0.0
H21.33.034	pca_hvg_1__A9	-3.2842419273038104e-07
H21.33.037	pca_hvg_1__A9	0.0
H21.33.038	pca_hvg_1__A9	0.0
H21.33.039	pca_hvg_1__A9	0.0
H21.33.044	pca_hvg_1__A9	5.029529006606026e-07
H21.33.045	pca_hvg_1__A9	2.998218633365468e-07
H21.33.046	pca_hvg_1__A9	0.0
H20.33.008	pca_hvg_1__MTG	-2.909554552843474e-07
H20.33.026	pca_hvg_1__MTG	2.1954677720259497e-07
H20.33.028	pca_hvg_1__MTG	-2.385248478731228e-07
H20.33.033	pca_hvg_1__MTG	-3.2380048651248217e-06
H20.33.035	pca_hvg_1__MTG	-4.6317040869325865e-07
H20.33.036	pca_hvg_1__MTG	1.5440479046446853e-06
H20.33.037	pca_hvg_1__MTG	-6.120185958025104e-07
H20.33.038	pca_hvg_1__MTG	2.5083061245823046e-06
H20.33.045	pca_hvg_1__MTG	8.478433528580354e-07
H200.1023	pca_hvg_1__MTG	-8.509662734468293e-07
H21.33.009	pca_hvg_1__MTG	8.407380960306909e-07
H21.33.017	pca_hvg_1__MTG	-1.560892997076735e-07
H21.33.020	pca_hvg_1__MTG	1.8950878484247369e-06
H21.33.026	pca_hvg_1__MTG	1.1261148813446198e-07
H21.33.029	pca_hvg_1__MTG	-3.633758467458392e-07
H21.33.033	pca_hvg_1__MTG	2.861325185676833e-07
H21.33.034	pca_hvg_1__MTG	-8.612675628683064e-06
H21.33.037	pca_hvg_1__MTG	-6.477746410382679e-07
H21.33.038	pca_hvg_1__MTG	-4.81976655919425e-07
H21.33.039	pca_hvg_1__MTG	-1.326667870671372e-06
H21.33.044	pca_hvg_1__MTG	-1.8026580619334709e-06
H21.33.045	pca_hvg_1__MTG	-4.3066631860710913e-07
H21.33.046	pca_hvg_1__MTG	-6.674863328726133e-08
H20.33.008	pca_hvg_10__A9	0.0
H20.33.026	pca_hvg_10__A9	0.0
H20.33.028	pca_hvg_10__A9	-5.91024274854135e-07
H20.33.033	pca_hvg_10__A9	0.0
H20.33.035	pca_hvg_10__A9	0.0
H20.33.036	pca_hvg_10__A9	-1.4740428468940081e-06
H20.33.037	pca_hvg_10__A9	0.0
H20.33.038	pca_hvg_10__A9	4.3175595010325196e-07
H20.33.045	pca_hvg_10__A9	0.0
H200.1023	pca_hvg_10__A9	0.0
H21.33.009	pca_hvg_10__A9	0.0
H21.33.017	pca_hvg_10__A9	0.0
H21.33.020	pca_hvg_10__A9	5.721989850826503e-07
H21.33.026	pca_hvg_10__A9	0.0
H21.33.029	pca_hvg_10__A9	0.0
H21.33.033	pca_hvg_10__A9	0.0
H21.33.034	pca_hvg_10__A9	-2.406897126050467e-09
H21.33.037	pca_hvg_10__A9	0.0
H21.33.038	pca_hvg_10__A9	0.0
H21.33.039	pca_hvg_10__A9	0.0
H21.33.044	pca_hvg_10__A9	2.213207892509672e-07
H21.33.045	pca_hvg_10__A9	-1.2220264977713668e-07
H21.33.046	pca_hvg_10__A9	0.0
H20.33.008	pca_hvg_10__MTG	-4.2461061866561067e-07
H20.33.026	pca_hvg_10__MTG	2.436700015095994e-07
H20.33.028	pca_hvg_10__MTG	-8.065954943958786e-07
H20.33.033	pca_hvg_10__MTG	5.320181912793487e-07
H20.33.035	pca_hvg_10__MTG	-3.728083441956187e-08
H20.33.036	pca_hvg_10__MTG	-2.4779458840384905e-07
H20.33.037	pca_hvg_10__MTG	3.24776550542083e-07
H20.33.038	pca_hvg_10__MTG	2.6544711317910696e-07
H20.33.045	pca_hvg_10__MTG	3.14159450454099e-07
H200.1023	pca_hvg_10__MTG	-3.0359288416548225e-08
H21.33.009	pca_hvg_10__MTG	2.7638566280074883e-07
H21.33.017	pca_hvg_10__MTG	1.2262602240298293e-06
H21.33.020	pca_hvg_10__MTG	-1.53945904912689e-06
H21.33.026	pca_hvg_10__MTG	3.651177280517004e-07
H21.33.029	pca_hvg_10__MTG	-1.155863316171235e-08
H21.33.033	pca_hvg_10__MTG	-3.235329870676651e-07
H21.33.034	pca_hvg_10__MTG	-1.1719874493110183e-07
H21.33.037	pca_hvg_10__MTG	-1.7847844446805539e-07
H21.33.038	pca_hvg_10__MTG	8.157759907589934e-07
H21.33.039	pca_hvg_10__MTG	-1.6757683019008596e-09
H21.33.044	pca_hvg_10__MTG	-3.706654538859766e-08
H21.33.045	pca_hvg_10__MTG	-7.545402240793919e-07
H21.33.046	pca_hvg_10__MTG	-3.1907495667837793e-07
H20.33.008	pca_hvg_11__A9	0.0
H20.33.026	pca_hvg_11__A9	0.0
H20.33.028	pca_hvg_11__A9	-5.535820832847094e-07
H20.33.033	pca_hvg_11__A9	0.0
H20.33.035	pca_hvg_11__A9	0.0
H20.33.036	pca_hvg_11__A9	-5.347174081293815e-08
H20.33.037	pca_hvg_11__A9	0.0
H20.33.038	pca_hvg_11__A9	-1.1623538398453093e-07
H20.33.045	pca_hvg_11__A9	0.0
H200.1023	pca_hvg_11__A9	0.0
H21.33.009	pca_hvg_11__A9	0.0
H21.33.017	pca_hvg_11__A9	0.0
H21.33.020	pca_hvg_11__A9	-1.4032252693141345e-06
H21.33.026	pca_hvg_11__A9	0.0
H21.33.029	pca_hvg_11__A9	0.0
H21.33.033	pca_hvg_11__A9	0.0
H21.33.034	pca_hvg_11__A9	2.7663763830787502e-06
H21.33.037	pca_hvg_11__A9	0.0
H21.33.038	pca_hvg_11__A9	0.0
H21.33.039	pca_hvg_11__A9	0.0
H21.33.044	pca_hvg_11__A9	6.931737175364105e-07
H21.33.045	pca_hvg_11__A9	3.0506024017995514e-07
H21.33.046	pca_hvg_11__A9	0.0
H20.33.008	pca_hvg_11__MTG	4.9963318815571256e-08
H20.33.026	pca_hvg_11__MTG	-4.238952655555295e-08
H20.33.028	pca_hvg_11__MTG	-5.893381285204669e-07
H20.33.033	pca_hvg_11__MTG	3.6698054373118794e-07
H20.33.035	pca_hvg_11__MTG	-5.722305331801181e-07
H20.33.036	pca_hvg_11__MTG	2.8742596214215155e-07
H20.33.037	pca_hvg_11__MTG	4.118696779187303e-07
H20.33.038	pca_hvg_11__MTG	9.704807553134742e-07
H20.33.045	pca_hvg_11__MTG	-2.0906095699047e-07
H200.1023	pca_hvg_11__MTG	6.970552846041755e-08
H21.33.009	pca_hvg_11__MTG	-2.8459922418733186e-07
H21.33.017	pca_hvg_11__MTG	8.805357651908707e-07
H21.33.020	pca_hvg_11__MTG	-9.602045025758343e-08
H21.33.026	pca_hvg_11__MTG	1.2715358366222063e-07
H21.33.029	pca_hvg_11__MTG	1.0592975030476737e-07
H21.33.033	pca_hvg_11__MTG	-3.3073447980314086e-07
H21.33.034	pca_hvg_11__MTG	-2.191849546306912e-07
H21.33.037	pca_hvg_11__MTG	-5.027515612709976e-07
H21.33.038	pca_hvg_11__MTG	-7.345872177211277e-08
H21.33.039	pca_hvg_11__MTG	-1.4364306935021887e-06
H21.33.044	pca_hvg_11__MTG	-7.417207257276459e-07
H21.33.045	pca_hvg_11__MTG	2.8041478117302177e-07
H21.33.046	pca_hvg_11__MTG	1.9899275116586068e-07
H20.33.008	pca_hvg_12__A9	0.0
H20.33.026	pca_hvg_12__A9	0.0
H20.33.028	pca_hvg_12__A9	-3.577947538246917e-08
H20.33.033	pca_hvg_12__A9	0.0
H20.33.035	pca_hvg_12__A9	0.0
H20.33.036	pca_hvg_12__A9	2.922962494267267e-07
H20.33.037	pca_hvg_12__A9	0.0
H20.33.038	pca_hvg_12__A9	8.819068852972123e-08
H20.33.045	pca_hvg_12__A9	0.0
H200.1023	pca_hvg_12__A9	0.0
H21.33.009	pca_hvg_12__A9	0.0
H21.33.017	pca_hvg_12__A9	0.0
H21.33.020	pca_hvg_12__A9	1.3757154420090956e-06
H21.33.026	pca_hvg_12__A9	0.0
H21.33.029	pca_hvg_12__A9	0.0
H21.33.033	pca_hvg_12__A9	0.0
H21.33.034	pca_hvg_12__A9	-6.230283702279849e-07
H21.33.037	pca_hvg_12__A9	0.0
H21.33.038	pca_hvg_12__A9	0.0
H21.33.039	pca_hvg_12__A9	0.0
H21.33.044	pca_hvg_12__A9	2.529773439619021e-07
H21.33.045	pca_hvg_12__A9	-3.944639388464566e-07
H21.33.046	pca_hvg_12__A9	0.0
H20.33.008	pca_hvg_12__MTG	-1.4814790283423918e-08
H20.33.026	pca_hvg_12__MTG	-1.4726668950970634e-06
H20.33.028	pca_hvg_12__MTG	3.803033905569464e-07
H20.33.033	pca_hvg_12__MTG	-4.1746625356609e-07
H20.33.035	pca_hvg_12__MTG	1.4115106239387387e-07
H20.33.036	pca_hvg_12__MTG	3.6828421912105114e-07
H20.33.037	pca_hvg_12__MTG	1.5394816728075966e-06
H20.33.038	pca_hvg_12__MTG	1.3474250692979695e-07
H20.33.045	pca_hvg_12__MTG	1.07876564925391e-06
H200.1023	pca_hvg_12__MTG	-2.2674592514704273e-07
H21.33.009	pca_hvg_12__MTG	1.1459147799541824e-06
H21.33.017	pca_hvg_12__MTG	6.426656113944773e-07
H21.33.020	pca_hvg_12__MTG	1.9080816571204195e-07
H21.33.026	pca_hvg_12__MTG	-2.6559524712865823e-07
H21.33.029	pca_hvg_12__MTG	-2.425989293897146e-07
H21.33.033	pca_hvg_12__MTG	4.839300231651578e-07
H21.33.034	pca_hvg_12__MTG	2.704093731153989e-07
H21.33.037	pca_hvg_12__MTG	5.480197842189227e-07
H21.33.038	pca_hvg_12__MTG	3.457386412719643e-07
H21.33.039	pca_hvg_12__MTG	1.4796898994973162e-06
H21.33.044	pca_hvg_12__MTG	4.497010763770959e-07
H21.33.045	pca_hvg_12__MTG	2.370805532336817e-06
H21.33.046	pca_hvg_12__MTG	-1.2891311484963808e-07
H20.33.008	pca_hvg_13__A9	0.0
H20.33.026	pca_hvg_13__A9	0.0
H20.33.028	pca_hvg_13__A9	1.677188095072779e-07
H20.33.033	pca_hvg_13__A9	0.0
H20.33.035	pca_hvg_13__A9	0.0
H20.33.036	pca_hvg_13__A9	-2.2768206520140666e-07
H20.33.037	pca_hvg_13__A9	0.0
H20.33.038	pca_hvg_13__A9	3.393134022644517e-07
H20.33.045	pca_hvg_13__A9	0.0
H200.1023	pca_hvg_13__A9	0.0
H21.33.009	pca_hvg_13__A9	0.0
H21.33.017	pca_hvg_13__A9	0.0
H21.33.020	pca_hvg_13__A9	-2.7714854411442502e-08
H21.33.026	pca_hvg_13__A9	0.0
H21.33.029	pca_hvg_13__A9	0.0
H21.33.033	pca_hvg_13__A9	0.0
H21.33.034	pca_hvg_13__A9	-4.954072778673435e-07
H21.33.037	pca_hvg_13__A9	0.0
H21.33.038	pca_hvg_13__A9	0.0
H21.33.039	pca_hvg_13__A9	0.0
H21.33.044	pca_hvg_13__A9	7.919769728914616e-08
H21.33.045	pca_hvg_13__A9	3.212611687786193e-08
H21.33.046	pca_hvg_13__A9	0.0
H20.33.008	pca_hvg_13__MTG	5.529122759639904e-08
H20.33.026	pca_hvg_13__MTG	1.53396428004271e-07
H20.33.028	pca_hvg_13__MTG	7.458883288791185e-09
H20.33.033	pca_hvg_13__MTG	1.1140225097960865e-07
H20.33.035	pca_hvg_13__MTG	-4.5456380348696257e-07
H20.33.036	pca_hvg_13__MTG	4.7766445021579784e-08
H20.33.037	pca_hvg_13__MTG	-3.636570866660804e-08
H20.33.038	pca_hvg_13__MTG	4.832759969986e-08
H20.33.045	pca_hvg_13__MTG	3.369479486536875e-07
H200.1023	pca_hvg_13__MTG	-3.695789985158626e-08
H21.33.009	pca_hvg_13__MTG	-2.3356231793059123e-07
H21.33.017	pca_hvg_13__MTG	-3.942994908356923e-08
H21.33.020	pca_hvg_13__MTG	-1.104801583551307e-07
H21.33.026	pca_hvg_13__MTG	3.33020750531432e-07
H21.33.029	pca_hvg_13__MTG	-3.3091552609221253e-07
H21.33.033	pca_hvg_13__MTG	-6.365069680214219e-07
H21.33.034	pca_hvg_13__MTG	-1.2092625638615573e-06
H21.33.037	pca_hvg_13__MTG	3.405646964438347e-07
H21.33.038	pca_hvg_13__MTG	4.059606908413116e-07
H21.33.039	pca_hvg_13__MTG	8.675479534758779e-08
H21.33.044	pca_hvg_13__MTG	-2.552874320826959e-07
H21.33.045	pca_hvg_13__MTG	-2.2318291215128738e-08
H21.33.046	pca_hvg_13__MTG	3.134786652481125e-07
H20.33.008	pca_hvg_14__A9	0.0
H20.33.026	pca_hvg_14__A9	0.0
H20.33.028	pca_hvg_14__A9	4.1736851130735886e-07
H20.33.033	pca_hvg_14__A9	0.0
H20.33.035	pca_hvg_14__A9	0.0
H20.33.036	pca_hvg_14__A9	-1.7615183978136884e-08
H20.33.037	pca_hvg_14__A9	0.0
H20.33.038	pca_hvg_14__A9	-2.0080008766854007e-07
H20.33.045	pca_hvg_14__A9	0.0
H200.1023	pca_hvg_14__A9	0.0
H21.33.009	pca_hvg_14__A9	0.0
H21.33.017	pca_hvg_14__A9	0.0
H21.33.020	pca_hvg_14__A9	2.4490464056725614e-07
H21.33.026	pca_hvg_14__A9	0.0
H21.33.029	pca_hvg_14__A9	0.0
H21.33.033	pca_hvg_14__A9	0.0
H21.33.034	pca_hvg_14__A9	1.3648957519762916e-07
H21.33.037	pca_hvg_14__A9	0.0
H21.33.038	pca_hvg_14__A9	0.0
H21.33.039	pca_hvg_14__A9	0.0
H21.33.044	pca_hvg_14__A9	-3.7558615417765395e-07
H21.33.045	pca_hvg_14__A9	-3.4134817639142057e-08
H21.33.046	pca_hvg_14__A9	0.0
H20.33.008	pca_hvg_14__MTG	2.0161290592568548e-07
H20.33.026	pca_hvg_14__MTG	9.888968861559988e-07
H20.33.028	pca_hvg_14__MTG	-3.38754830409016e-07
H20.33.033	pca_hvg_14__MTG	-1.2775086588590057e-06
H20.33.035	pca_hvg_14__MTG	-1.2703739571406913e-07
H20.33.036	pca_hvg_14__MTG	-3.037354900925493e-08
H20.33.037	pca_hvg_14__MTG	3.9780150018486893e-07
H20.33.038	pca_hvg_14__MTG	1.8287003911154898e-07
H20.33.045	pca_hvg_14__MTG	-5.444090334094653e-07
H200.1023	pca_hvg_14__MTG	1.3347325023005396e-07
H21.33.009	pca_hvg_14__MTG	2.955027014195366e-07
H21.33.017	pca_hvg_14__MTG	-1.4096732456891914e-06
H21.33.020	pca_hvg_14__MTG	-2.778662633318163e-08
H21.33.026	pca_hvg_14__MTG	-1.311145041427153e-07
H21.33.029	pca_hvg_14__MTG	5.269594112178311e-07
H21.33.033	pca_hvg_14__MTG	-5.96896470028696e-08
H21.33.034	pca_hvg_14__MTG	1.0615320888973656e-06
H21.33.037	pca_hvg_14__MTG	6.979483941904618e-07
H21.33.038	pca_hvg_14__MTG	3.000256185714534e-07
H21.33.039	pca_hvg_14__MTG	-5.8634995525608247e-08
H21.33.044	pca_hvg_14__MTG	-2.1229465119176893e-07
H21.33.045	pca_hvg_14__MTG	1.331069370280602e-07
H21.33.046	pca_hvg_14__MTG	-8.63812132934072e-08
H20.33.008	pca_hvg_15__A9	0.0
H20.33.026	pca_hvg_15__A9	0.0
H20.33.028	pca_hvg_15__A9	3.6839540307198604e-09
H20.33.033	pca_hvg_15__A9	0.0
H20.33.035	pca_hvg_15__A9	0.0
H20.33.036	pca_hvg_15__A9	-2.4828659661579877e-07
H20.33.037	pca_hvg_15__A9	0.0
H20.33.038	pca_hvg_15__A9	3.3022296008766716e-08
H20.33.045	pca_hvg_15__A9	0.0
H200.1023	pca_hvg_15__A9	0.0
H21.33.009	pca_hvg_15__A9	0.0
H21.33.017	pca_hvg_15__A9	0.0
H21.33.020	pca_hvg_15__A9	5.288001716508006e-07
H21.33.026	pca_hvg_15__A9	0.0
H21.33.029	pca_hvg_15__A9	0.0
H21.33.033	pca_hvg_15__A9	0.0
H21.33.034	pca_hvg_15__A9	-2.5678505721771216e-07
H21.33.037	pca_hvg_15__A9	0.0
H21.33.038	pca_hvg_15__A9	0.0
H21.33.039	pca_hvg_15__A9	0.0
H21.33.044	pca_hvg_15__A9	-2.7699181259777106e-07
H21.33.045	pca_hvg_15__A9	1.9393500849673728e-07
H21.33.046	pca_hvg_15__A9	0.0
H20.33.008	pca_hvg_15__MTG	4.4796587417295086e-07
H20.33.026	pca_hvg_15__MTG	-7.19039576324576e-07
H20.33.028	pca_hvg_15__MTG	8.38961625504453e-07
H20.33.033	pca_hvg_15__MTG	1.3492797279468505e-06
H20.33.035	pca_hvg_15__MTG	3.0512691751027887e-07
H20.33.036	pca_hvg_15__MTG	8.69595510266663e-07
H20.33.037	pca_hvg_15__MTG	4.6871357994859864e-07
H20.33.038	pca_hvg_15__MTG	1.1494402230027845e-07
H20.33.045	pca_hvg_15__MTG	7.499198773075477e-07
H200.1023	pca_hvg_15__MTG	-4.360371619327452e-08
H21.33.009	pca_hvg_15__MTG	4.40964527115284e-08
H21.33.017	pca_hvg_15__MTG	3.3341165384115357e-09
H21.33.020	pca_hvg_15__MTG	3.0109256954347074e-07
H21.33.026	pca_hvg_15__MTG	-2.4832090161908127e-07
H21.33.029	pca_hvg_15__MTG	4.450665969102374e-08
H21.33.033	pca_hvg_15__MTG	1.1672466371237533e-06
H21.33.034	pca_hvg_15__MTG	-8.141816465467855e-08
H21.33.037	pca_hvg_15__MTG	6.520352968664156e-08
H21.33.038	pca_hvg_15__MTG	-3.0269546869021724e-08
H21.33.039	pca_hvg_15__MTG	1.2004446716673556e-06
H21.33.044	pca_hvg_15__MTG	-5.48670641364879e-07
H21.33.045	pca_hvg_15__MTG	-1.9406743945182825e-07
H21.33.046	pca_hvg_15__MTG	-4.905695050183567e-07
H20.33.008	pca_hvg_16__A9	0.0
H20.33.026	pca_hvg_16__A9	0.0
H20.33.028	pca_hvg_16__A9	-1.8280076119481237e-07
H20.33.033	pca_hvg_16__A9	0.0
H20.33.035	pca_hvg_16__A9	0.0
H20.33.036	pca_hvg_16__A9	-2.561596375016961e-07
H20.33.037	pca_hvg_16__A9	0.0
H20.33.038	pca_hvg_16__A9	-8.690410879808041e-08
H20.33.045	pca_hvg_16__A9	0.0
H200.1023	pca_hvg_16__A9	0.0
H21.33.009	pca_hvg_16__A9	0.0
H21.33.017	pca_hvg_16__A9	0.0
H21.33.020	pca_hvg_16__A9	-5.660204465129937e-07
H21.33.026	pca_hvg_16__A9	0.0
H21.33.029	pca_hvg_16__A9	0.0
H21.33.033	pca_hvg_16__A9	0.0
H21.33.034	pca_hvg_16__A9	2.994426893110358e-07
H21.33.037	pca_hvg_16__A9	0.0
H21.33.038	pca_hvg_16__A9	0.0
H21.33.039	pca_hvg_16__A9	0.0
H21.33.044	pca_hvg_16__A9	-4.2883326045739523e-07
H21.33.045	pca_hvg_16__A9	-9.15371103360485e-08
H21.33.046	pca_hvg_16__A9	0.0
H20.33.008	pca_hvg_16__MTG	4.957801706950704e-07
H20.33.026	pca_hvg_16__MTG	2.4334767658729106e-06
H20.33.028	pca_hvg_16__MTG	9.119630135501211e-07
H20.33.033	pca_hvg_16__MTG	-1.972785184989334e-06
H20.33.035	pca_hvg_16__MTG	-6.393893841050158e-07
H20.33.036	pca_hvg_16__MTG	-4.743158754649812e-08
H20.33.037	pca_hvg_16__MTG	7.549328984168824e-07
H20.33.038	pca_hvg_16__MTG	3.9051318623251063e-08
H20.33.045	pca_hvg_16__MTG	7.725359978394408e-07
H200.1023	pca_hvg_16__MTG	1.0510581205380731e-07
H21.33.009	pca_hvg_16__MTG	2.5913724499559976e-08
H21.33.017	pca_hvg_16__MTG	-7.348217678782021e-08
H21.33.020	pca_hvg_16__MTG	1.308836658608925e-06
H21.33.026	pca_hvg_16__MTG	-2.852652301044145e-07
H21.33.029	pca_hvg_16__MTG	3.860611172967765e-07
H21.33.033	pca_hvg_16__MTG	8.719009088054008e-07
H21.33.034	pca_hvg_16__MTG	1.944534773201667e-07
H21.33.037	pca_hvg_16__MTG	3.5516018215275835e-07
H21.33.038	pca_hvg_16__MTG	-1.3616290317486346e-08
H21.33.039	pca_hvg_16__MTG	-8.452899464828079e-07
H21.33.044	pca_hvg_16__MTG	-8.842851002555108e-07
H21.33.045	pca_hvg_16__MTG	4.2987687720597023e-07
H21.33.046	pca_hvg_16__MTG	-2.161404779599252e-07
H20.33.008	pca_hvg_17__A9	0.0
H20.33.026	pca_hvg_17__A9	0.0
H20.33.028	pca_hvg_17__A9	-2.05352623794397e-08
H20.33.033	pca_hvg_17__A9	0.0
H20.33.035	pca_hvg_17__A9	0.0
H20.33.036	pca_hvg_17__A9	7.312912941870309e-09
H20.33.037	pca_hvg_17__A9	0.0
H20.33.038	pca_hvg_17__A9	8.852393307279272e-07
H20.33.045	pca_hvg_17__A9	0.0
H200.1023	pca_hvg_17__A9	0.0
H21.33.009	pca_hvg_17__A9	0.0
H21.33.017	pca_hvg_17__A9	0.0
H21.33.020	pca_hvg_17__A9	4.165988229942741e-07
H21.33.026	pca_hvg_17__A9	0.0
H21.33.029	pca_hvg_17__A9	0.0
H21.33.033	pca_hvg_17__A9	0.0
H21.33.034	pca_hvg_17__A9	-8.094579584394523e-08
H21.33.037	pca_hvg_17__A9	0.0
H21.33.038	pca_hvg_17__A9	0.0
H21.33.039	pca_hvg_17__A9	0.0
H21.33.044	pca_hvg_17__A9	-4.1568782194190135e-08
H21.33.045	pca_hvg_17__A9	2.1527255285036517e-06
H21.33.046	pca_hvg_17__A9	0.0
H20.33.008	pca_hvg_17__MTG	1.01845091649011e-06
H20.33.026	pca_hvg_17__MTG	5.431405725175864e-07
H20.33.028	pca_hvg_17__MTG	-7.320597887883196e-07
H20.33.033	pca_hvg_17__MTG	9.325906376034254e-07
H20.33.035	pca_hvg_17__MTG	4.3852915609932097e-07
H20.33.036	pca_hvg_17__MTG	-5.158578915143153e-07
H20.33.037	pca_hvg_17__MTG	-2.146719140228015e-07
H20.33.038	pca_hvg_17__MTG	-3.0569890441256575e-07
H20.33.045	pca_hvg_17__MTG	1.4122750258138694e-07
H200.1023	pca_hvg_17__MTG	-7.387804146219423e-08
H21.33.009	pca_hvg_17__MTG	6.049273224562057e-07
H21.33.017	pca_hvg_17__MTG	-1.224776013941664e-07
H21.33.020	pca_hvg_17__MTG	-2.979232647248864e-07
H21.33.026	pca_hvg_17__MTG	-2.7838129312840465e-07
H21.33.029	pca_hvg_17__MTG	5.3429939583793384e-08
H21.33.033	pca_hvg_17__MTG	7.834455004740448e-07
H21.33.034	pca_hvg_17__MTG	-1.7081090391002363e-06
H21.33.037	pca_hvg_17__MTG	-5.351259346753068e-07
H21.33.038	pca_hvg_17__MTG	8.607381118963531e-07
H21.33.039	pca_hvg_17__MTG	2.6379835205148083e-08
H21.33.044	pca_hvg_17__MTG	4.1061628763827684e-08
H21.33.045	pca_hvg_17__MTG	4.4127463638687914e-07
H21.33.046	pca_hvg_17__MTG	2.6046106427202176e-07
H20.33.008	pca_hvg_18__A9	0.0
H20.33.026	pca_hvg_18__A9	0.0
H20.33.028	pca_hvg_18__A9	-3.0985390253590595e-07
H20.33.033	pca_hvg_18__A9	0.0
H20.33.035	pca_hvg_18__A9	0.0
H20.33.036	pca_hvg_18__A9	1.6001638414309127e-07
H20.33.037	pca_hvg_18__A9	0.0
H20.33.038	pca_hvg_18__A9	1.2391568589009694e-06
H20.33.045	pca_hvg_18__A9	0.0
H200.1023	pca_hvg_18__A9	0.0
H21.33.009	pca_hvg_18__A9	0.0
H21.33.017	pca_hvg_18__A9	0.0
H21.33.020	pca_hvg_18__A9	1.0001949704019353e-06
H21.33.026	pca_hvg_18__A9	0.0
H21.33.029	pca_hvg_18__A9	0.0
H21.33.033	pca_hvg_18__A9	0.0
H21.33.034	pca_hvg_18__A9	1.9321335003041895e-06
H21.33.037	pca_hvg_18__A9	0.0
H21.33.038	pca_hvg_18__A9	0.0
H21.33.039	pca_hvg_18__A9	0.0
H21.33.044	pca_hvg_18__A9	-5.224083565735782e-07
H21.33.045	pca_hvg_18__A9	1.1256415746174753e-06
H21.33.046	pca_hvg_18__A9	0.0
H20.33.008	pca_hvg_18__MTG	5.407530352385947e-07
H20.33.026	pca_hvg_18__MTG	-7.774714205766031e-09
H20.33.028	pca_hvg_18__MTG	-2.2598489124447951e-07
H20.33.033	pca_hvg_18__MTG	8.070994681474986e-07
H20.33.035	pca_hvg_18__MTG	-2.833860719420045e-07
H20.33.036	pca_hvg_18__MTG	1.41137533660185e-07
H20.33.037	pca_hvg_18__MTG	-2.7194948870601365e-07
H20.33.038	pca_hvg_18__MTG	-1.3997178882618755e-07
H20.33.045	pca_hvg_18__MTG	-5.304477213030623e-07
H200.1023	pca_hvg_18__MTG	9.068137529766318e-08
H21.33.009	pca_hvg_18__MTG	3.355334285970457e-07
H21.33.017	pca_hvg_18__MTG	-6.165191024365413e-08
H21.33.020	pca_hvg_18__MTG	7.196535989351105e-08
H21.33.026	pca_hvg_18__MTG	-1.0029025361291133e-06
H21.33.029	pca_hvg_18__MTG	-6.724072818542481e-07
H21.33.033	pca_hvg_18__MTG	-1.3866414292351692e-06
H21.33.034	pca_hvg_18__MTG	-2.437563040302848e-08
H21.33.037	pca_hvg_18__MTG	1.6734031760279322e-07
H21.33.038	pca_hvg_18__MTG	3.90467169708586e-09
H21.33.039	pca_hvg_18__MTG	-1.2225675050103746e-07
H21.33.044	pca_hvg_18__MTG	1.339033843805737e-07
H21.33.045	pca_hvg_18__MTG	5.977145178803767e-07
H21.33.046	pca_hvg_18__MTG	-2.9495998887796304e-07
H20.33.008	pca_hvg_19__A9	0.0
H20.33.026	pca_hvg_19__A9	0.0
H20.33.028	pca_hvg_19__A9	-1.4825689049757784e-06
H20.33.033	pca_hvg_19__A9	0.0
H20.33.035	pca_hvg_19__A9	0.0
H20.33.036	pca_hvg_19__A9	-4.174559364855668e-07
H20.33.037	pca_hvg_19__A9	0.0
H20.33.038	pca_hvg_19__A9	6.594227670575492e-07
H20.33.045	pca_hvg_19__A9	0.0
H200.1023	pca_hvg_19__A9	0.0
H21.33.009	pca_hvg_19__A9	0.0
H21.33.017	pca_hvg_19__A9	0.0
H21.33.020	pca_hvg_19__A9	1.2627313594748557e-07
H21.33.026	pca_hvg_19__A9	0.0
H21.33.029	pca_hvg_19__A9	0.0
H21.33.033	pca_hvg_19__A9	0.0
H21.33.034	pca_hvg_19__A9	-5.1803830558583286e-08
H21.33.037	pca_hvg_19__A9	0.0
H21.33.038	pca_hvg_19__A9	0.0
H21.33.039	pca_hvg_19__A9	0.0
H21.33.044	pca_hvg_19__A9	2.3126426995645488e-08
H21.33.045	pca_hvg_19__A9	2.112223143058145e-07
H21.33.046	pca_hvg_19__A9	0.0
H20.33.008	pca_hvg_19__MTG	1.3229783917267923e-06
H20.33.026	pca_hvg_19__MTG	-9.714116799841577e-08
H20.33.028	pca_hvg_19__MTG	-1.696148643759443e-07
H20.33.033	pca_hvg_19__MTG	-2.1104719394315907e-07
H20.33.035	pca_hvg_19__MTG	-1.607934194680638e-07
H20.33.036	pca_hvg_19__MTG	5.330193744157441e-07
H20.33.037	pca_hvg_19__MTG	1.46647522569765e-07
H20.33.038	pca_hvg_19__MTG	1.0840515329846312e-07
H20.33.045	pca_hvg_19__MTG	1.8631028808613337e-07
H200.1023	pca_hvg_19__MTG	2.701466712551337e-07
H21.33.009	pca_hvg_19__MTG	4.016421826236183e-07
H21.33.017	pca_hvg_19__MTG	-1.3844626778336533e-07
H21.33.020	pca_hvg_19__MTG	2.868952435619576e-07
H21.33.026	pca_hvg_19__MTG	-3.47865807270864e-07
H21.33.029	pca_hvg_19__MTG	-8.873114865082243e-08
H21.33.033	pca_hvg_19__MTG	7.911954753581085e-07
H21.33.034	pca_hvg_19__MTG	-7.437236160257044e-09
H21.33.037	pca_hvg_19__MTG	-1.0173140907454581e-07
H21.33.038	pca_hvg_19__MTG	-6.776774625905091e-07
H21.33.039	pca_hvg_19__MTG	-5.76451611777884e-07
H21.33.044	pca_hvg_19__MTG	-5.11847702000523e-07
H21.33.045	pca_hvg_19__MTG	-2.731849804149533e-07
H21.33.046	pca_hvg_19__MTG	9.036556747332725e-08
H20.33.008	pca_hvg_2__A9	0.0
H20.33.026	pca_hvg_2__A9	0.0
H20.33.028	pca_hvg_2__A9	-3.1410033329848375e-07
H20.33.033	pca_hvg_2__A9	0.0
H20.33.035	pca_hvg_2__A9	0.0
H20.33.036	pca_hvg_2__A9	-4.974291201165215e-08
H20.33.037	pca_hvg_2__A9	0.0
H20.33.038	pca_hvg_2__A9	-1.3684180544260016e-07
H20.33.045	pca_hvg_2__A9	0.0
H200.1023	pca_hvg_2__A9	0.0
H21.33.009	pca_hvg_2__A9	0.0
H21.33.017	pca_hvg_2__A9	0.0
H21.33.020	pca_hvg_2__A9	-2.3033710021991283e-05
H21.33.026	pca_hvg_2__A9	0.0
H21.33.029	pca_hvg_2__A9	0.0
H21.33.033	pca_hvg_2__A9	0.0
H21.33.034	pca_hvg_2__A9	3.1810537848286913e-07
H21.33.037	pca_hvg_2__A9	0.0
H21.33.038	pca_hvg_2__A9	0.0
H21.33.039	pca_hvg_2__A9	0.0
H21.33.044	pca_hvg_2__A9	-6.539438004438125e-07
H21.33.045	pca_hvg_2__A9	-4.60242375766029e-07
H21.33.046	pca_hvg_2__A9	0.0
H20.33.008	pca_hvg_2__MTG	-1.5770432071349205e-07
H20.33.026	pca_hvg_2__MTG	9.363871456002926e-09
H20.33.028	pca_hvg_2__MTG	-3.3608145599828276e-08
H20.33.033	pca_hvg_2__MTG	-1.1640436241577845e-06
H20.33.035	pca_hvg_2__MTG	2.79707165873333e-07
H20.33.036	pca_hvg_2__MTG	-2.865592705347808e-07
H20.33.037	pca_hvg_2__MTG	3.7501740735024214e-07
H20.33.038	pca_hvg_2__MTG	-9.319205105384754e-07
H20.33.045	pca_hvg_2__MTG	2.756387971203367e-07
H200.1023	pca_hvg_2__MTG	6.088471877774282e-07
H21.33.009	pca_hvg_2__MTG	1.0160048304896918e-06
H21.33.017	pca_hvg_2__MTG	2.1063426913769945e-07
H21.33.020	pca_hvg_2__MTG	2.673646577022737e-06
H21.33.026	pca_hvg_2__MTG	3.747731902592477e-09
H21.33.029	pca_hvg_2__MTG	-1.2978554764231376e-07
H21.33.033	pca_hvg_2__MTG	-1.3484948624409299e-07
H21.33.034	pca_hvg_2__MTG	6.613233381358441e-06
H21.33.037	pca_hvg_2__MTG	2.493032269512696e-08
H21.33.038	pca_hvg_2__MTG	-3.198493345735187e-07
H21.33.039	pca_hvg_2__MTG	2.8299535870246473e-07
H21.33.044	pca_hvg_2__MTG	8.013545738094763e-08
H21.33.045	pca_hvg_2__MTG	-1.0083371648761386e-07
H21.33.046	pca_hvg_2__MTG	-2.2363790819213136e-08
H20.33.008	pca_hvg_20__A9	0.0
H20.33.026	pca_hvg_20__A9	0.0
H20.33.028	pca_hvg_20__A9	7.945349125293433e-07
H20.33.033	pca_hvg_20__A9	0.0
H20.33.035	pca_hvg_20__A9	0.0
H20.33.036	pca_hvg_20__A9	-1.6638136202118403e-08
H20.33.037	pca_hvg_20__A9	0.0
H20.33.038	pca_hvg_20__A9	6.749287351226485e-09
H20.33.045	pca_hvg_20__A9	0.0
H200.1023	pca_hvg_20__A9	0.0
H21.33.009	pca_hvg_20__A9	0.0
H21.33.017	pca_hvg_20__A9	0.0
H21.33.020	pca_hvg_20__A9	5.462827346036647e-08
H21.33.026	pca_hvg_20__A9	0.0
H21.33.029	pca_hvg_20__A9	0.0
H21.33.033	pca_hvg_20__A9	0.0
H21.33.034	pca_hvg_20__A9	7.731694040558068e-08
H21.33.037	pca_hvg_20__A9	0.0
H21.33.038	pca_hvg_20__A9	0.0
H21.33.039	pca_hvg_20__A9	0.0
H21.33.044	pca_hvg_20__A9	-2.2948820799228997e-07
H21.33.045	pca_hvg_20__A9	3.0839495934742445e-07
H21.33.046	pca_hvg_20__A9	0.0
H20.33.008	pca_hvg_20__MTG	-5.720382745266761e-08
H20.33.026	pca_hvg_20__MTG	-1.5865280147409067e-06
H20.33.028	pca_hvg_20__MTG	1.5728080171584224e-08
H20.33.033	pca_hvg_20__MTG	-9.146113484348461e-07
H20.33.035	pca_hvg_20__MTG	-4.740115500112552e-08
H20.33.036	pca_hvg_20__MTG	-1.5775926840433385e-06
H20.33.037	pca_hvg_20__MTG	-1.434742529227151e-07
H20.33.038	pca_hvg_20__MTG	3.482606416582712e-07
H20.33.045	pca_hvg_20__MTG	6.547168585058216e-09
H200.1023	pca_hvg_20__MTG	-4.191413154330803e-06
H21.33.009	pca_hvg_20__MTG	1.2893207212982816e-07
H21.33.017	pca_hvg_20__MTG	1.7667892393546936e-07
H21.33.020	pca_hvg_20__MTG	3.927276281956438e-07
H21.33.026	pca_hvg_20__MTG	2.2544739408658643e-07
H21.33.029	pca_hvg_20__MTG	-2.2203165883638576e-07
H21.33.033	pca_hvg_20__MTG	-4.794627557203057e-07
H21.33.034	pca_hvg_20__MTG	-5.025383416068507e-07
H21.33.037	pca_hvg_20__MTG	-6.013247570990643e-07
H21.33.038	pca_hvg_20__MTG	1.5900022845016792e-06
H21.33.039	pca_hvg_20__MTG	2.923590614045679e-07
H21.33.044	pca_hvg_20__MTG	2.5938787118207074e-08
H21.33.045	pca_hvg_20__MTG	1.5492234695102525e-07
H21.33.046	pca_hvg_20__MTG	6.114590291872446e-07
H20.33.008	pca_hvg_3__A9	0.0
H20.33.026	pca_hvg_3__A9	0.0
H20.33.028	pca_hvg_3__A9	3.9104307347770373e-07
H20.33.033	pca_hvg_3__A9	0.0
H20.33.035	pca_hvg_3__A9	0.0
H20.33.036	pca_hvg_3__A9	-7.073764241027902e-09
H20.33.037	pca_hvg_3__A9	0.0
H20.33.038	pca_hvg_3__A9	1.4038518258985277e-07
H20.33.045	pca_hvg_3__A9	0.0
H200.1023	pca_hvg_3__A9	0.0
H21.33.009	pca_hvg_3__A9	0.0
H21.33.017	pca_hvg_3__A9	0.0
H21.33.020	pca_hvg_3__A9	-2.0213578864058945e-06
H21.33.026	pca_hvg_3__A9	0.0
H21.33.029	pca_hvg_3__A9	0.0
H21.33.033	pca_hvg_3__A9	0.0
H21.33.034	pca_hvg_3__A9	-7.751443042991468e-09
H21.33.037	pca_hvg_3__A9	0.0
H21.33.038	pca_hvg_3__A9	0.0
H21.33.039	pca_hvg_3__A9	0.0
H21.33.044	pca_hvg_3__A9	4.8504208649546854e-08
H21.33.045	pca_hvg_3__A9	3.056116497646144e-07
H21.33.046	pca_hvg_3__A9	0.0
H20.33.008	pca_hvg_3__MTG	6.417790743284968e-09
H20.33.026	pca_hvg_3__MTG	-3.182996124451165e-07
H20.33.028	pca_hvg_3__MTG	5.21524050611788e-08
H20.33.033	pca_hvg_3__MTG	-5.649118065775838e-06
H20.33.035	pca_hvg_3__MTG	1.613196189964583e-07
H20.33.036	pca_hvg_3__MTG	-9.110095078312952e-08
H20.33.037	pca_hvg_3__MTG	1.3209410099079832e-07
H20.33.038	pca_hvg_3__MTG	-1.9335587353452866e-07
H20.33.045	pca_hvg_3__MTG	8.905195869601812e-08
H200.1023	pca_hvg_3__MTG	-3.547203277776134e-07
H21.33.009	pca_hvg_3__MTG	2.872320408187079e-07
H21.33.017	pca_hvg_3__MTG	-8.873429635514185e-08
H21.33.020	pca_hvg_3__MTG	2.537045475037303e-06
H21.33.026	pca_hvg_3__MTG	4.4729290493705776e-07
H21.33.029	pca_hvg_3__MTG	-4.3687313677764905e-07
H21.33.033	pca_hvg_3__MTG	2.851124918379355e-07
H21.33.034	pca_hvg_3__MTG	-5.732721319873235e-08
H21.33.037	pca_hvg_3__MTG	-7.267964292623219e-07
H21.33.038	pca_hvg_3__MTG	2.0985106630178052e-07
H21.33.039	pca_hvg_3__MTG	2.2955322265261202e-07
H21.33.044	pca_hvg_3__MTG	1.548629455783157e-07
H21.33.045	pca_hvg_3__MTG	6.351168480023262e-08
H21.33.046	pca_hvg_3__MTG	-1.1357549567492242e-07
H20.33.008	pca_hvg_4__A9	0.0
H20.33.026	pca_hvg_4__A9	0.0
H20.33.028	pca_hvg_4__A9	2.692747784749372e-07
H20.33.033	pca_hvg_4__A9	0.0
H20.33.035	pca_hvg_4__A9	0.0
H20.33.036	pca_hvg_4__A9	7.766036702605561e-09
H20.33.037	pca_hvg_4__A9	0.0
H20.33.038	pca_hvg_4__A9	-3.041397746983421e-07
H20.33.045	pca_hvg_4__A9	0.0
H200.1023	pca_hvg_4__A9	0.0
H21.33.009	pca_hvg_4__A9	0.0
H21.33.017	pca_hvg_4__A9	0.0
H21.33.020	pca_hvg_4__A9	-1.413275003869785e-05
H21.33.026	pca_hvg_4__A9	0.0
H21.33.029	pca_hvg_4__A9	0.0
H21.33.033	pca_hvg_4__A9	0.0
H21.33.034	pca_hvg_4__A9	1.0506413872235498e-07
H21.33.037	pca_hvg_4__A9	0.0
H21.33.038	pca_hvg_4__A9	0.0
H21.33.039	pca_hvg_4__A9	0.0
H21.33.044	pca_hvg_4__A9	-4.1525005656239955e-09
H21.33.045	pca_hvg_4__A9	2.4944675658389315e-08
H21.33.046	pca_hvg_4__A9	0.0
H20.33.008	pca_hvg_4__MTG	8.014040275838852e-08
H20.33.026	pca_hvg_4__MTG	-3.106824522092211e-07
H20.33.028	pca_hvg_4__MTG	2.5571415562808397e-07
H20.33.033	pca_hvg_4__MTG	-6.993611378902642e-08
H20.33.035	pca_hvg_4__MTG	6.435485033762234e-08
H20.33.036	pca_hvg_4__MTG	-2.43104114616699e-08
H20.33.037	pca_hvg_4__MTG	1.4381272706032178e-07
H20.33.038	pca_hvg_4__MTG	1.7905038873777812e-07
H20.33.045	pca_hvg_4__MTG	1.556671520575037e-07
H200.1023	pca_hvg_4__MTG	1.1563432735783863e-06
H21.33.009	pca_hvg_4__MTG	1.6679649661455187e-07
H21.33.017	pca_hvg_4__MTG	-6.66253015424445e-07
H21.33.020	pca_hvg_4__MTG	-7.249843747558771e-08
H21.33.026	pca_hvg_4__MTG	2.477542579981673e-07
H21.33.029	pca_hvg_4__MTG	8.109157789704113e-08
H21.33.033	pca_hvg_4__MTG	-5.943464316260361e-07
H21.33.034	pca_hvg_4__MTG	-1.4515599104925059e-06
H21.33.037	pca_hvg_4__MTG	-2.5377637768997374e-08
H21.33.038	pca_hvg_4__MTG	6.996704371431406e-08
H21.33.039	pca_hvg_4__MTG	-9.73026725858972e-09
H21.33.044	pca_hvg_4__MTG	-9.09942798443808e-07
H21.33.045	pca_hvg_4__MTG	-3.0127017680570134e-07
H21.33.046	pca_hvg_4__MTG	-8.825557173963716e-09
H20.33.008	pca_hvg_5__A9	0.0
H20.33.026	pca_hvg_5__A9	0.0
H20.33.028	pca_hvg_5__A9	-3.8842844674036314e-07
H20.33.033	pca_hvg_5__A9	0.0
H20.33.035	pca_hvg_5__A9	0.0
H20.33.036	pca_hvg_5__A9	1.3839152757100237e-07
H20.33.037	pca_hvg_5__A9	0.0
H20.33.038	pca_hvg_5__A9	-4.46806360798746e-08
H20.33.045	pca_hvg_5__A9	0.0
H200.1023	pca_hvg_5__A9	0.0
H21.33.009	pca_hvg_5__A9	0.0
H21.33.017	pca_hvg_5__A9	0.0
H21.33.020	pca_hvg_5__A9	-4.716818693850655e-06
H21.33.026	pca_hvg_5__A9	0.0
H21.33.029	pca_hvg_5__A9	0.0
H21.33.033	pca_hvg_5__A9	0.0
H21.33.034	pca_hvg_5__A9	-2.0732332473016868e-07
H21.33.037	pca_hvg_5__A9	0.0
H21.33.038	pca_hvg_5__A9	0.0
H21.33.039	pca_hvg_5__A9	0.0
H21.33.044	pca_hvg_5__A9	3.2229095836555643e-07
H21.33.045	pca_hvg_5__A9	-5.080081564301508e-07
H21.33.046	pca_hvg_5__A9	0.0
H20.33.008	pca_hvg_5__MTG	6.132971748229465e-07
H20.33.026	pca_hvg_5__MTG	2.150989359961386e-07
H20.33.028	pca_hvg_5__MTG	8.93073377028486e-07
H20.33.033	pca_hvg_5__MTG	4.7104032319111866e-07
H20.33.035	pca_hvg_5__MTG	-1.5189128532711038e-07
H20.33.036	pca_hvg_5__MTG	-6.194126456193771e-08
H20.33.037	pca_hvg_5__MTG	-5.351407708076295e-07
H20.33.038	pca_hvg_5__MTG	1.0790495608148376e-08
H20.33.045	pca_hvg_5__MTG	-5.395463062995987e-07
H200.1023	pca_hvg_5__MTG	3.1046761250763666e-07
H21.33.009	pca_hvg_5__MTG	2.536957595111744e-07
H21.33.017	pca_hvg_5__MTG	-1.0692570384662758e-07
H21.33.020	pca_hvg_5__MTG	-5.654611641148222e-07
H21.33.026	pca_hvg_5__MTG	8.901382102521893e-07
H21.33.029	pca_hvg_5__MTG	-2.5306368911515165e-07
H21.33.033	pca_hvg_5__MTG	-1.673576832672552e-07
H21.33.034	pca_hvg_5__MTG	-9.038554793505682e-08
H21.33.037	pca_hvg_5__MTG	-1.855758426927423e-07
H21.33.038	pca_hvg_5__MTG	-1.7661463971307967e-06
H21.33.039	pca_hvg_5__MTG	-9.458495355829655e-07
H21.33.044	pca_hvg_5__MTG	1.3445880142626265e-07
H21.33.045	pca_hvg_5__MTG	5.682154835540132e-08
H21.33.046	pca_hvg_5__MTG	-7.175143537097028e-07
H20.33.008	pca_hvg_6__A9	0.0
H20.33.026	pca_hvg_6__A9	0.0
H20.33.028	pca_hvg_6__A9	-7.431264634760737e-07
H20.33.033	pca_hvg_6__A9	0.0
H20.33.035	pca_hvg_6__A9	0.0
H20.33.036	pca_hvg_6__A9	6.62237127357912e-08
H20.33.037	pca_hvg_6__A9	0.0
H20.33.038	pca_hvg_6__A9	2.9965428893774515e-07
H20.33.045	pca_hvg_6__A9	0.0
H200.1023	pca_hvg_6__A9	0.0
H21.33.009	pca_hvg_6__A9	0.0
H21.33.017	pca_hvg_6__A9	0.0
H21.33.020	pca_hvg_6__A9	-4.305773870783014e-07
H21.33.026	pca_hvg_6__A9	0.0
H21.33.029	pca_hvg_6__A9	0.0
H21.33.033	pca_hvg_6__A9	0.0
H21.33.034	pca_hvg_6__A9	5.675339664890089e-08
H21.33.037	pca_hvg_6__A9	0.0
H21.33.038	pca_hvg_6__A9	0.0
H21.33.039	pca_hvg_6__A9	0.0
H21.33.044	pca_hvg_6__A9	-3.3257526865781983e-07
H21.33.045	pca_hvg_6__A9	-3.402978876465568e-08
H21.33.046	pca_hvg_6__A9	0.0
H20.33.008	pca_hvg_6__MTG	-4.015101069398952e-07
H20.33.026	pca_hvg_6__MTG	1.2212649380671792e-07
H20.33.028	pca_hvg_6__MTG	3.760592051094136e-07
H20.33.033	pca_hvg_6__MTG	-5.235429398453562e-06
H20.33.035	pca_hvg_6__MTG	-2.008205797210394e-07
H20.33.036	pca_hvg_6__MTG	-3.3168134905281477e-08
H20.33.037	pca_hvg_6__MTG	2.496096556114935e-07
H20.33.038	pca_hvg_6__MTG	1.0032478314769833e-07
H20.33.045	pca_hvg_6__MTG	-7.832685611219858e-08
H200.1023	pca_hvg_6__MTG	2.757068955361319e-07
H21.33.009	pca_hvg_6__MTG	2.101537290855049e-07
H21.33.017	pca_hvg_6__MTG	5.549256911763223e-07
H21.33.020	pca_hvg_6__MTG	2.4015108124331164e-07
H21.33.026	pca_hvg_6__MTG	-8.708286713954294e-08
H21.33.029	pca_hvg_6__MTG	-7.018786618573358e-08
H21.33.033	pca_hvg_6__MTG	-3.515266655540472e-08
H21.33.034	pca_hvg_6__MTG	6.614514518332726e-07
H21.33.037	pca_hvg_6__MTG	-9.697776448547302e-08
H21.33.038	pca_hvg_6__MTG	6.231622506902568e-08
H21.33.039	pca_hvg_6__MTG	1.2760165191139095e-07
H21.33.044	pca_hvg_6__MTG	1.3785766306284586e-08
H21.33.045	pca_hvg_6__MTG	-7.664218770742082e-08
H21.33.046	pca_hvg_6__MTG	1.4227998690330423e-07
H20.33.008	pca_hvg_7__A9	0.0
H20.33.026	pca_hvg_7__A9	0.0
H20.33.028	pca_hvg_7__A9	1.0587349663637724e-07
H20.33.033	pca_hvg_7__A9	0.0
H20.33.035	pca_hvg_7__A9	0.0
H20.33.036	pca_hvg_7__A9	6.302446990957833e-07
H20.33.037	pca_hvg_7__A9	0.0
H20.33.038	pca_hvg_7__A9	1.2259096138222958e-07
H20.33.045	pca_hvg_7__A9	0.0
H200.1023	pca_hvg_7__A9	0.0
H21.33.009	pca_hvg_7__A9	0.0
H21.33.017	pca_hvg_7__A9	0.0
H21.33.020	pca_hvg_7__A9	-5.80651374093577e-07
H21.33.026	pca_hvg_7__A9	0.0
H21.33.029	pca_hvg_7__A9	0.0
H21.33.033	pca_hvg_7__A9	0.0
H21.33.034	pca_hvg_7__A9	-7.599623330634131e-08
H21.33.037	pca_hvg_7__A9	0.0
H21.33.038	pca_hvg_7__A9	0.0
H21.33.039	pca_hvg_7__A9	0.0
H21.33.044	pca_hvg_7__A9	5.939827119050278e-08
H21.33.045	pca_hvg_7__A9	4.678866218910116e-07
H21.33.046	pca_hvg_7__A9	0.0
H20.33.008	pca_hvg_7__MTG	1.312894966076783e-07
H20.33.026	pca_hvg_7__MTG	-9.284368616135907e-07
H20.33.028	pca_hvg_7__MTG	1.4027747852196626e-08
H20.33.033	pca_hvg_7__MTG	2.983270803724736e-07
H20.33.035	pca_hvg_7__MTG	1.1429328878875822e-06
H20.33.036	pca_hvg_7__MTG	-7.479142283273177e-08
H20.33.037	pca_hvg_7__MTG	-1.1174574865435716e-06
H20.33.038	pca_hvg_7__MTG	1.9465636569293565e-07
H20.33.045	pca_hvg_7__MTG	-2.3158740702911018e-07
H200.1023	pca_hvg_7__MTG	-3.312334229121916e-07
H21.33.009	pca_hvg_7__MTG	-7.348244821514527e-07
H21.33.017	pca_hvg_7__MTG	4.778900475344017e-08
H21.33.020	pca_hvg_7__MTG	-2.4492212560289772e-06
H21.33.026	pca_hvg_7__MTG	2.437035675484367e-07
H21.33.029	pca_hvg_7__MTG	5.437225425453107e-08
H21.33.033	pca_hvg_7__MTG	-1.4997968378338555e-07
H21.33.034	pca_hvg_7__MTG	4.324984274717281e-06
H21.33.037	pca_hvg_7__MTG	-8.374047411052743e-07
H21.33.038	pca_hvg_7__MTG	-1.018043008116365e-06
H21.33.039	pca_hvg_7__MTG	3.3536989008098317e-07
H21.33.044	pca_hvg_7__MTG	-3.5163768075108237e-07
H21.33.045	pca_hvg_7__MTG	3.617668369315652e-07
H21.33.046	pca_hvg_7__MTG	4.050866664329078e-07
H20.33.008	pca_hvg_8__A9	0.0
H20.33.026	pca_hvg_8__A9	0.0
H20.33.028	pca_hvg_8__A9	-1.0932798204521532e-06
H20.33.033	pca_hvg_8__A9	0.0
H20.33.035	pca_hvg_8__A9	0.0
H20.33.036	pca_hvg_8__A9	3.0626656766230553e-09
H20.33.037	pca_hvg_8__A9	0.0
H20.33.038	pca_hvg_8__A9	-8.404409754803055e-07
H20.33.045	pca_hvg_8__A9	0.0
H200.1023	pca_hvg_8__A9	0.0
H21.33.009	pca_hvg_8__A9	0.0
H21.33.017	pca_hvg_8__A9	0.0
H21.33.020	pca_hvg_8__A9	6.195304536049662e-07
H21.33.026	pca_hvg_8__A9	0.0
H21.33.029	pca_hvg_8__A9	0.0
H21.33.033	pca_hvg_8__A9	0.0
H21.33.034	pca_hvg_8__A9	-8.3315666865591e-11
H21.33.037	pca_hvg_8__A9	0.0
H21.33.038	pca_hvg_8__A9	0.0
H21.33.039	pca_hvg_8__A9	0.0
H21.33.044	pca_hvg_8__A9	-1.8089643845087267e-06
H21.33.045	pca_hvg_8__A9	1.4581885920961213e-07
H21.33.046	pca_hvg_8__A9	0.0
H20.33.008	pca_hvg_8__MTG	4.4279241251388157e-07
H20.33.026	pca_hvg_8__MTG	7.674773172539062e-08
H20.33.028	pca_hvg_8__MTG	1.7390554774010525e-07
H20.33.033	pca_hvg_8__MTG	5.572099439632439e-07
H20.33.035	pca_hvg_8__MTG	-8.455224076442391e-09
H20.33.036	pca_hvg_8__MTG	-1.3867042980564293e-07
H20.33.037	pca_hvg_8__MTG	4.3939252236668835e-08
H20.33.038	pca_hvg_8__MTG	-5.441174835141283e-07
H20.33.045	pca_hvg_8__MTG	4.5925847302896727e-07
H200.1023	pca_hvg_8__MTG	3.7930227847482456e-08
H21.33.009	pca_hvg_8__MTG	-1.1261279269092483e-06
H21.33.017	pca_hvg_8__MTG	-2.5131635084107984e-07
H21.33.020	pca_hvg_8__MTG	-1.205419835059729e-07
H21.33.026	pca_hvg_8__MTG	7.566154636151623e-08
H21.33.029	pca_hvg_8__MTG	-1.750167939462699e-07
H21.33.033	pca_hvg_8__MTG	5.523181201283478e-08
H21.33.034	pca_hvg_8__MTG	3.933559582947055e-06
H21.33.037	pca_hvg_8__MTG	2.6838863576017502e-08
H21.33.038	pca_hvg_8__MTG	2.9183979677327443e-07
H21.33.039	pca_hvg_8__MTG	3.308628748754927e-08
H21.33.044	pca_hvg_8__MTG	2.521090323170938e-07
H21.33.045	pca_hvg_8__MTG	4.3245034220262824e-08
H21.33.046	pca_hvg_8__MTG	4.6796876063126547e-07
H20.33.008	pca_hvg_9__A9	0.0
H20.33.026	pca_hvg_9__A9	0.0
H20.33.028	pca_hvg_9__A9	-1.345941171848608e-07
H20.33.033	pca_hvg_9__A9	0.0
H20.33.035	pca_hvg_9__A9	0.0
H20.33.036	pca_hvg_9__A9	1.029597740398458e-08
H20.33.037	pca_hvg_9__A9	0.0
H20.33.038	pca_hvg_9__A9	3.485163233563071e-07
H20.33.045	pca_hvg_9__A9	0.0
H200.1023	pca_hvg_9__A9	0.0
H21.33.009	pca_hvg_9__A9	0.0
H21.33.017	pca_hvg_9__A9	0.0
H21.33.020	pca_hvg_9__A9	1.3019645450640382e-07
H21.33.026	pca_hvg_9__A9	0.0
H21.33.029	pca_hvg_9__A9	0.0
H21.33.033	pca_hvg_9__A9	0.0
H21.33.034	pca_hvg_9__A9	-2.532894995965762e-06
H21.33.037	pca_hvg_9__A9	0.0
H21.33.038	pca_hvg_9__A9	0.0
H21.33.039	pca_hvg_9__A9	0.0
H21.33.044	pca_hvg_9__A9	3.9354011960313073e-07
H21.33.045	pca_hvg_9__A9	2.0288554480885068e-07
H21.33.046	pca_hvg_9__A9	0.0
H20.33.008	pca_hvg_9__MTG	-2.293686804932804e-07
H20.33.026	pca_hvg_9__MTG	6.578120093081452e-08
H20.33.028	pca_hvg_9__MTG	-5.972419785393868e-07
H20.33.033	pca_hvg_9__MTG	-8.346987812046791e-08
H20.33.035	pca_hvg_9__MTG	1.756062886215659e-07
H20.33.036	pca_hvg_9__MTG	1.69319733345219e-07
H20.33.037	pca_hvg_9__MTG	3.099230028169586e-08
H20.33.038	pca_hvg_9__MTG	-1.2495694257097512e-08
H20.33.045	pca_hvg_9__MTG	-1.0437352671033295e-07
H200.1023	pca_hvg_9__MTG	-3.1445722470380133e-07
H21.33.009	pca_hvg_9__MTG	3.63911212275525e-08
H21.33.017	pca_hvg_9__MTG	-3.688732022055774e-07
H21.33.020	pca_hvg_9__MTG	-3.0558624075638363e-07
H21.33.026	pca_hvg_9__MTG	7.578048553114058e-07
H21.33.029	pca_hvg_9__MTG	1.5355633422586834e-06
H21.33.033	pca_hvg_9__MTG	1.9384968297231353e-08
H21.33.034	pca_hvg_9__MTG	2.364324984682753e-07
H21.33.037	pca_hvg_9__MTG	-2.049743699217288e-07
H21.33.038	pca_hvg_9__MTG	1.1487076534422158e-07
H21.33.039	pca_hvg_9__MTG	4.993586912860337e-07
H21.33.044	pca_hvg_9__MTG	-1.6243775746715983e-07
H21.33.045	pca_hvg_9__MTG	-1.6003696146071889e-07
H21.33.046	pca_hvg_9__MTG	-1.4507759260595776e-06
H19.33.004	spatial_patch__celltype_fraction__unknown__CN	1.0
H20.33.001	spatial_patch__celltype_fraction__unknown__CN	1.0
H20.33.012	spatial_patch__celltype_fraction__unknown__CN	1.0
H20.33.017	spatial_patch__celltype_fraction__unknown__CN	1.0
H20.33.026	spatial_patch__celltype_fraction__unknown__CN	1.0
H20.33.031	spatial_patch__celltype_fraction__unknown__CN	1.0
H21.33.002	spatial_patch__celltype_fraction__unknown__CN	1.0
H21.33.004	spatial_patch__celltype_fraction__unknown__CN	1.0
H21.33.027	spatial_patch__celltype_fraction__unknown__CN	1.0
H21.33.038	spatial_patch__celltype_fraction__unknown__CN	1.0
